firstName01,lastName01,1,1,1973,email01@gmail.com,password01,M,TestPlant,1,3,Montgomery,Apt 1,1 Main Street,36101,1,100000000
firstName02,lastName02,2,1,1978,email02@gmail.com,password02,M,TestPlant,1,4,Juneau,Apt 2,2 Main Street,99801,2,200000000
firstName03,lastName03,3,5,1965,email03@gmail.com,password03,M,TestPlant,1,7,Phoenix,Apt 3,3 Main Street,85001,3,300000000
firstName04,lastName04,4,5,1989,email04@gmail.com,password04,F,TestPlant,1,8,Little Rock,Apt 4,4 Main Street,72201,4,400000000
firstName05,lastName05,5,7,1972,email05@gmail.com,password05,F,TestPlant,1,9,Sacramento,Apt 5,5 Main Street,94203,5,500000000
firstName06,lastName06,6,7,1985,email06@gmail.com,password06,F,TestPlant,1,10,Denver,Apt 6,6 Main Street,80201,6,600000000
firstName07,lastName07,7,6,1973,email07@gmail.com,password07,F,TestPlant,1,11,Hartford,Apt 7,7 Main Street,6101,7,700000000
firstName08,lastName08,8,6,1978,email08@gmail.com,password08,M,TestPlant,1,12,Dover,Apt 8,8 Main Street,19901,8,800000000
firstName09,lastName09,9,3,1965,email09@gmail.com,password09,M,TestPlant,1,15,Tallahassee,Apt 9,9 Main Street,32301,9,900000000
firstName10,lastName10,10,3,1989,email10@gmail.com,password10,M,TestPlant,1,16,Atlanta,Apt 10,10 Main Street,30301,10,100000000
firstName11,lastName11,11,2,1972,email11@gmail.com,password11,F,TestPlant,1,18,Honolulu,Apt 11,11 Main Street,96801,11,110000000
firstName12,lastName12,12,2,1985,email12@gmail.com,password12,M,TestPlant,1,19,Boise,Apt 12,12 Main Street,83701,12,120000000
firstName13,lastName13,13,4,1973,email13@gmail.com,password13,M,TestPlant,1,20,Springfield,Apt 13,13 Main Street,62701,13,130000000
firstName14,lastName14,14,4,1978,email14@gmail.com,password14,F,TestPlant,1,21,Indianapolis,Apt 14,14 Main Street,46201,14,140000000
firstName15,lastName15,15,10,1965,email15@gmail.com,password15,M,TestPlant,1,22,Des Moines,Apt 15,15 Main Street,50301,15,150000000
firstName16,lastName16,16,10,1989,email16@gmail.com,password16,F,TestPlant,1,23,Topeka,Apt 16,16 Main Street,66601,16,160000000
firstName17,lastName17,17,12,1972,email17@gmail.com,password17,F,TestPlant,1,24,Frankfort,Apt 17,17 Main Street,40601,17,170000000
firstName18,lastName18,18,12,1985,email18@gmail.com,password18,M,TestPlant,1,25,Baton Rouge,Apt 18,18 Main Street,70801,18,180000000
firstName19,lastName19,19,8,1973,email19@gmail.com,password19,F,TestPlant,1,26,Augusta,Apt 19,19 Main Street,30901,19,190000000
firstName20,lastName20,20,8,1978,email20@gmail.com,password20,M,TestPlant,1,28,Annapolis,Apt 20,20 Main Street,20701,20,200000000
firstName21,lastName21,21,9,1965,email21@gmail.com,password21,F,TestPlant,1,29,Boston,Apt 21,21 Main Street,2108,21,210000000
firstName22,lastName22,22,9,1989,email22@gmail.com,password22,M,TestPlant,1,30,Lansing,Apt 22,22 Main Street,48908,22,220000000
firstName23,lastName23,23,2,1972,email23@gmail.com,password23,M,TestPlant,1,31,Saint Paul,Apt 23,23 Main Street,55101,23,230000000
firstName24,lastName24,24,2,1985,email24@gmail.com,password24,F,TestPlant,1,32,Jackson,Apt 24,24 Main Street,39201,24,240000000
firstName25,lastName25,25,1,1973,email25@gmail.com,password25,F,TestPlant,1,33,Jefferson City,Apt 25,25 Main Street,65101,25,250000000
firstName26,lastName26,26,1,1978,email26@gmail.com,password26,F,TestPlant,1,34,Helena,Apt 26,26 Main Street,59601,26,260000000
firstName27,lastName27,27,3,1965,email27@gmail.com,password27,M,TestPlant,1,35,Lincoln,Apt 27,27 Main Street,68501,27,270000000
firstName28,lastName28,28,3,1989,email28@gmail.com,password28,F,TestPlant,1,36,Carson City,Apt 28,28 Main Street,89701,28,280000000
firstName29,lastName29,29,7,1972,email29@gmail.com,password29,F,TestPlant,1,37,Concord,Apt 29,29 Main Street,3301,29,290000000
firstName30,lastName30,30,7,1985,email30@gmail.com,password30,M,TestPlant,1,38,Trenton,Apt 30,30 Main Street,8601,30,300000000
